create database employee;
use employee;
create table dept (
deptno int primary key,
dname varchar(15) default null,
dloc varchar(15) default null);
create table employee(
empno int primary key,
ename varchar(10) default null,
mgr_no int default null,
hiredate date default null,
sal decimal(7,2) default null,
deptno int references dept(deptno) on delete cascade on update cascade
);
create table incentives (
empno int references emp(empno) on delete cascade on update cascade,
incentive_date date,
incentive_amount decimal(10,2),
primary key(empno,incentive_date));
Create table project (
 pno int primary key,
 pname varchar(30) not null,
 ploc varchar(30));
 Create table assigned_to (
 empno int references emp(empno) on delete cascade on update cascade,
 pno int references project(pno) on delete cascade on update cascade,
 job_role varchar(30),
 primary key(empno,pno)
 );
 insert into dept values
 (10, 'accounting', 'mumbai'),
(20, 'research', 'bengaluru'),
(30, 'sales', 'delhi'),
(40, 'operations', 'chennai');
insert into employee values (7369, 'adarsh', 7902, '2012-12-17', '80000.00', '20'),
(7499, 'shruthi', 7698, '2013-02-20', '16000.00', '30'),
(7521, 'anvitha', 7698, '2015-02-22', '12500.00', '30'),
(7566, 'tanvir', 7839, '2008-04-02', '29750.00', '20'),
(7654, 'ramesh', 7698, '2014-09-28', '12500.00', '30'),
(7698, 'kumar', 7839, '2015-05-01', '28500.00', '30'),
(7782, 'clark', 7839, '2017-06-09', '24500.00', '10'),
(7788, 'scott', 7566, '2010-12-09', '30000.00', '20'),
(7839, 'king', null, '2009-11-17', '50000.00', '10'),
(7844, 'turner', 7698, '2010-09-08', '15000.00', '30'),
(7876, 'adams', 7788, '2013-01-12', '11000.00', '20'),
(7900, 'james', 7698, '2017-12-03', '9500.00', '30'),
(7902, 'ford', 7566, '2010-12-03', '30000.00', '20');
insert into incentives values (7499, '2019-02-01', 5000.00),
(7521, '2019-03-01', 2500.00),
(7566, '2022-02-01', 5070.00),
(7654, '2020-02-01', 2000.00),
(7654, '2022-04-01', 879.00),
(7521, '2019-02-01', 8000.00),
(7698, '2019-03-01', 500.00),
(7698, '2020-03-01', 9000.00),
(7698, '2022-04-01', 4500.00);
insert into project values (101, 'ai project', 'bengaluru'),
(102, 'iot', 'hyderabad'),
(103, 'blockchain', 'bengaluru'),
(104, 'data science', 'mysuru'),
(105, 'autonomus systems', 'pune');
insert into assigned_to values (7499, 101, 'software engineer'),
(7521, 101, 'software architect'),
(7566, 101, 'project manager'),
(7654, 102, 'sales'),
(7521, 102, 'software engineer'),
(7499, 102, 'software engineer'),
(7654, 103, 'cyber security'),
(7698, 104, 'software engineer'),
(7900, 105, 'software engineer'),
(7839, 104, 'general manager');
select  distinct e.empno from employee as e,assigned_to as a,project as p
where e.empno=a.empno and a.pno=p.pno and p.ploc in ('bengaluru','hyderabad','mysuru');
 select e.empno from employee as e
 where e.empno not in (select empno from incentives);
 select e.ename,e.empno,d.dname,a.job_role,d.dloc,p.ploc
 from employee as e,dept as d,assigned_to as a,project as p
 where e.deptno=d.deptno and e.empno=a.empno and a.pno=p.pno and d.dloc=p.ploc;
 -- extra queries(week7)
select m.ename,count(*)
from employee e, employee m
where e.mgr_no = m.empno
group by m.ename
having count(*) = (select max(mycount) from (select count(*) mycount from employee group by mgr_no)a);
select * from employee m where m.empno in (select mgr_no from employee) and m.sal>(select avg(e.sal) from employee e where e.mgr_no=m.empno);
select d.dname,e.ename as top_level_manager from dept d join employee e on d.deptno=e.deptno where e.mgr_no is null;
select * from employee e,incentives i where e.empno=i.empno and 2=(select count(*) from incentives j where i.incentive_amount<=j.incentive_amount);
select * from employee e where e.deptno=(select e1.deptno from employee e1 where e1.empno=e.mgr_no);
select  distinct e.ename from employee as e,incentives as i where (e.sal+i.incentive_amount)>=any (select sal from employee);
 